商工会名,フォルダ名,テンプレート,サンプルURL（仮）
いすみ市商工会,isumi-shi-shokokai,template_a,https://demo.uribo.co.jp/isumi-shi-shokokai
九十九里町商工会,kujuukuri-machi-shokokai,template_a,https://demo.uribo.co.jp/kujuukuri-machi-shokokai
匝瑳市商工会,sousa-shi-shokokai,template_a,https://demo.uribo.co.jp/sousa-shi-shokokai
千葉市土気商工会,chibashi-tsuchike-shokokai,template_a,https://demo.uribo.co.jp/chibashi-tsuchike-shokokai
南房総市内房商工会,minamibousou-shinai-bou-shokokai,template_a,https://demo.uribo.co.jp/minamibousou-shinai-bou-shokokai
南房総市朝夷商工会,minamibousou-shi-asai-shokokai,template_a,https://demo.uribo.co.jp/minamibousou-shi-asai-shokokai
四街道市商工会,yotsukaidou-shi-shokokai,template_a,https://demo.uribo.co.jp/yotsukaidou-shi-shokokai
多古町商工会,tako-machi-shokokai,template_a,https://demo.uribo.co.jp/tako-machi-shokokai
富津市商工会,futtsu-shi-shokokai,template_a,https://demo.uribo.co.jp/futtsu-shi-shokokai
富里市商工会,tomisato-shi-shokokai,template_a,https://demo.uribo.co.jp/tomisato-shi-shokokai
度会町商工会,watarai-machi-shokokai,template_c,https://demo.uribo.co.jp/watarai-machi-shokokai
明和町商工会,meiwa-machi-shokokai,template_c,https://demo.uribo.co.jp/meiwa-machi-shokokai
加須市商工会,kazo-shi-shokokai,template_b,https://demo.uribo.co.jp/kazo-shi-shokokai
朝霞市商工会,asaka-shi-shokokai,template_c,https://demo.uribo.co.jp/asaka-shi-shokokai
鶴ヶ島市商工会,tsuru-ke-shima-shi-shokokai,template_c,https://demo.uribo.co.jp/tsuru-ke-shima-shi-shokokai
一色町商工会,isshoku-machi-shokokai,template_c,https://demo.uribo.co.jp/isshoku-machi-shokokai
日の出町商工会,hinode-machi-shokokai,template_b,https://demo.uribo.co.jp/hinode-machi-shokokai
武蔵村山市商工会,musashimurayama-shi-shokokai,template_c,https://demo.uribo.co.jp/musashimurayama-shi-shokokai
岡部町商工会,okabechou-shokokai,template_c,https://demo.uribo.co.jp/okabechou-shokokai
松崎町商工会,matsuzaki-machi-shokokai,template_c,https://demo.uribo.co.jp/matsuzaki-machi-shokokai
木曽岬町商工会,kiso-misakichou-shokokai,template_c,https://demo.uribo.co.jp/kiso-misakichou-shokokai
東松山市商工会,higashimatsuyama-shi-shokokai,template_c,https://demo.uribo.co.jp/higashimatsuyama-shi-shokokai
岡崎市ぬかた商工会,okazakishi-nukata-shokokai,template_c,https://demo.uribo.co.jp/okazakishi-nukata-shokokai
多気町商工会,taki-machi-shokokai,template_b,https://demo.uribo.co.jp/taki-machi-shokokai
大台町商工会,oodai-machi-shokokai,template_c,https://demo.uribo.co.jp/oodai-machi-shokokai
朝明商工会 グーペ  川越町 朝日町,tomoaki-shokokai,template_b,https://demo.uribo.co.jp/tomoaki-shokokai
ときがわ町商工会,tokigawa-machi-shokokai,template_b,https://demo.uribo.co.jp/tokigawa-machi-shokokai
ふじみ野市商工会,fujimi-noichi-shokokai,template_b,https://demo.uribo.co.jp/fujimi-noichi-shokokai
久喜市商工会,kuki-shi-shokokai,template_b,https://demo.uribo.co.jp/kuki-shi-shokokai
北本市商工会,kitamotoshi-shokokai,template_c,https://demo.uribo.co.jp/kitamotoshi-shokokai
和光市商工会,wakoushi-shokokai,template_b,https://demo.uribo.co.jp/wakoushi-shokokai
寄居町商工会,yorii-machi-shokokai,template_b,https://demo.uribo.co.jp/yorii-machi-shokokai
下呂商工会,gero-shokokai,template_a,https://demo.uribo.co.jp/gero-shokokai
下呂市馬瀬商工会,gero-shi-maze-shokokai,template_b,https://demo.uribo.co.jp/gero-shi-maze-shokokai
八百津町商工会,yaotsu-machi-shokokai,template_b,https://demo.uribo.co.jp/yaotsu-machi-shokokai
北方町商工会,kitagatamachi-shokokai,template_a,https://demo.uribo.co.jp/kitagatamachi-shokokai
古川町商工会,furukawachou-shokokai,template_a,https://demo.uribo.co.jp/furukawachou-shokokai
坂祝町商工会,sakahogi-machi-shokokai,template_a,https://demo.uribo.co.jp/sakahogi-machi-shokokai
大垣市商工会,oogaki-shi-shokokai,template_a,https://demo.uribo.co.jp/oogaki-shi-shokokai
大野町商工会,oonomachi-shokokai,template_a,https://demo.uribo.co.jp/oonomachi-shokokai
安八町商工会,anpachi-machi-shokokai,template_a,https://demo.uribo.co.jp/anpachi-machi-shokokai
富加町商工会,tomika-machi-shokokai,template_b,https://demo.uribo.co.jp/tomika-machi-shokokai
みよし商工会,miyoshi-shokokai,template_b,https://demo.uribo.co.jp/miyoshi-shokokai
下山商工会,gezan-shokokai,template_c,https://demo.uribo.co.jp/gezan-shokokai
内海商工会,utsumi-shokokai,template_b,https://demo.uribo.co.jp/utsumi-shokokai
小原商工会,kohara-shokokai,template_c,https://demo.uribo.co.jp/kohara-shokokai
武豊町商工会,taketoyo-machi-shokokai,template_b,https://demo.uribo.co.jp/taketoyo-machi-shokokai
蟹江町商工会,kanie-machi-shokokai,template_b,https://demo.uribo.co.jp/kanie-machi-shokokai
豊根村商工会,toyone-mura-shokokai,template_b,https://demo.uribo.co.jp/toyone-mura-shokokai
飛島村商工会,tobishima-mura-shokokai,template_b,https://demo.uribo.co.jp/tobishima-mura-shokokai
